a0,a1,a2,b0,b1,b2,c0,c1,c2,o0,o1,o2,o3,o4,o5,o6,o7,o8,o9,o10,,a,b,c,o
0,0,0,0,0,0,0,0,0,0,0,0,0,0,0,0,0,0,0,0,,0 + 0j,0 + 0j,0 + 0j,0 + 0j
0,0,0,0,0,0,1,0,0,1,0,0,0,0,0,0,0,0,0,0,,0 + 0j,0 + 0j,1 + 0j,1 + 0j
0,0,0,0,0,0,0,1,0,0,1,0,0,0,0,0,0,0,0,0,,0 + 0j,0 + 0j,-1 + 1j,-1 + 1j
0,0,0,0,0,0,1,1,0,1,1,0,0,0,0,0,0,0,0,0,,0 + 0j,0 + 0j,0 + 1j,0 + 1j
0,0,0,0,0,0,0,0,1,0,0,1,0,0,0,0,0,0,0,0,,0 + 0j,0 + 0j,0 - 2j,0 - 2j
0,0,0,0,0,0,1,0,1,1,0,1,0,0,0,0,0,0,0,0,,0 + 0j,0 + 0j,1 - 2j,1 - 2j
0,0,0,0,0,0,0,1,1,0,1,1,0,0,0,0,0,0,0,0,,0 + 0j,0 + 0j,-1 - 1j,-1 - 1j
0,0,0,0,0,0,1,1,1,1,1,1,0,0,0,0,0,0,0,0,,0 + 0j,0 + 0j,0 - 1j,0 - 1j
0,0,0,1,0,0,0,0,0,1,0,0,0,0,0,0,0,0,0,0,,0 + 0j,1 + 0j,0 + 0j,1 + 0j
0,0,0,1,0,0,1,0,0,0,0,1,1,0,0,0,0,0,0,0,,0 + 0j,1 + 0j,1 + 0j,2 + 0j
0,0,0,1,0,0,0,1,0,1,1,0,0,0,0,0,0,0,0,0,,0 + 0j,1 + 0j,-1 + 1j,0 + 1j
0,0,0,1,0,0,1,1,0,0,1,1,1,0,0,0,0,0,0,0,,0 + 0j,1 + 0j,0 + 1j,1 + 1j
0,0,0,1,0,0,0,0,1,1,0,1,0,0,0,0,0,0,0,0,,0 + 0j,1 + 0j,0 - 2j,1 - 2j
0,0,0,1,0,0,1,0,1,0,0,0,1,1,1,0,0,0,0,0,,0 + 0j,1 + 0j,1 - 2j,2 - 2j
0,0,0,1,0,0,0,1,1,1,1,1,0,0,0,0,0,0,0,0,,0 + 0j,1 + 0j,-1 - 1j,0 - 1j
0,0,0,1,0,0,1,1,1,0,1,0,1,1,1,0,0,0,0,0,,0 + 0j,1 + 0j,0 - 1j,1 - 1j
0,0,0,0,1,0,0,0,0,0,1,0,0,0,0,0,0,0,0,0,,0 + 0j,-1 + 1j,0 + 0j,-1 + 1j
0,0,0,0,1,0,1,0,0,1,1,0,0,0,0,0,0,0,0,0,,0 + 0j,-1 + 1j,1 + 0j,0 + 1j
0,0,0,0,1,0,0,1,0,0,0,0,1,1,0,0,0,0,0,0,,0 + 0j,-1 + 1j,-1 + 1j,-2 + 2j
0,0,0,0,1,0,1,1,0,1,0,0,1,1,0,0,0,0,0,0,,0 + 0j,-1 + 1j,0 + 1j,-1 + 2j
0,0,0,0,1,0,0,0,1,0,1,1,0,0,0,0,0,0,0,0,,0 + 0j,-1 + 1j,0 - 2j,-1 - 1j
0,0,0,0,1,0,1,0,1,1,1,1,0,0,0,0,0,0,0,0,,0 + 0j,-1 + 1j,1 - 2j,0 - 1j
0,0,0,0,1,0,0,1,1,0,0,1,1,1,0,0,0,0,0,0,,0 + 0j,-1 + 1j,-1 - 1j,-2 + 0j
0,0,0,0,1,0,1,1,1,1,0,1,1,1,0,0,0,0,0,0,,0 + 0j,-1 + 1j,0 - 1j,-1 + 0j
0,0,0,1,1,0,0,0,0,1,1,0,0,0,0,0,0,0,0,0,,0 + 0j,0 + 1j,0 + 0j,0 + 1j
0,0,0,1,1,0,1,0,0,0,1,1,1,0,0,0,0,0,0,0,,0 + 0j,0 + 1j,1 + 0j,1 + 1j
0,0,0,1,1,0,0,1,0,1,0,0,1,1,0,0,0,0,0,0,,0 + 0j,0 + 1j,-1 + 1j,-1 + 2j
0,0,0,1,1,0,1,1,0,0,0,1,0,1,1,1,0,0,0,0,,0 + 0j,0 + 1j,0 + 1j,0 + 2j
0,0,0,1,1,0,0,0,1,1,1,1,0,0,0,0,0,0,0,0,,0 + 0j,0 + 1j,0 - 2j,0 - 1j
0,0,0,1,1,0,1,0,1,0,1,0,1,1,1,0,0,0,0,0,,0 + 0j,0 + 1j,1 - 2j,1 - 1j
0,0,0,1,1,0,0,1,1,1,0,1,1,1,0,0,0,0,0,0,,0 + 0j,0 + 1j,-1 - 1j,-1 + 0j
0,0,0,1,1,0,1,1,1,0,0,0,0,0,0,0,0,0,0,0,,0 + 0j,0 + 1j,0 - 1j,0 + 0j
0,0,0,0,0,1,0,0,0,0,0,1,0,0,0,0,0,0,0,0,,0 + 0j,0 - 2j,0 + 0j,0 - 2j
0,0,0,0,0,1,1,0,0,1,0,1,0,0,0,0,0,0,0,0,,0 + 0j,0 - 2j,1 + 0j,1 - 2j
0,0,0,0,0,1,0,1,0,0,1,1,0,0,0,0,0,0,0,0,,0 + 0j,0 - 2j,-1 + 1j,-1 - 1j
0,0,0,0,0,1,1,1,0,1,1,1,0,0,0,0,0,0,0,0,,0 + 0j,0 - 2j,0 + 1j,0 - 1j
0,0,0,0,0,1,0,0,1,0,0,0,0,1,1,0,0,0,0,0,,0 + 0j,0 - 2j,0 - 2j,0 - 4j
0,0,0,0,0,1,1,0,1,1,0,0,0,1,1,0,0,0,0,0,,0 + 0j,0 - 2j,1 - 2j,1 - 4j
0,0,0,0,0,1,0,1,1,0,1,0,0,1,1,0,0,0,0,0,,0 + 0j,0 - 2j,-1 - 1j,-1 - 3j
0,0,0,0,0,1,1,1,1,1,1,0,0,1,1,0,0,0,0,0,,0 + 0j,0 - 2j,0 - 1j,0 - 3j
0,0,0,1,0,1,0,0,0,1,0,1,0,0,0,0,0,0,0,0,,0 + 0j,1 - 2j,0 + 0j,1 - 2j
0,0,0,1,0,1,1,0,0,0,0,0,1,1,1,0,0,0,0,0,,0 + 0j,1 - 2j,1 + 0j,2 - 2j
0,0,0,1,0,1,0,1,0,1,1,1,0,0,0,0,0,0,0,0,,0 + 0j,1 - 2j,-1 + 1j,0 - 1j
0,0,0,1,0,1,1,1,0,0,1,0,1,1,1,0,0,0,0,0,,0 + 0j,1 - 2j,0 + 1j,1 - 1j
0,0,0,1,0,1,0,0,1,1,0,0,0,1,1,0,0,0,0,0,,0 + 0j,1 - 2j,0 - 2j,1 - 4j
0,0,0,1,0,1,1,0,1,0,0,1,1,1,1,0,0,0,0,0,,0 + 0j,1 - 2j,1 - 2j,2 - 4j
0,0,0,1,0,1,0,1,1,1,1,0,0,1,1,0,0,0,0,0,,0 + 0j,1 - 2j,-1 - 1j,0 - 3j
0,0,0,1,0,1,1,1,1,0,1,1,1,1,1,0,0,0,0,0,,0 + 0j,1 - 2j,0 - 1j,1 - 3j
0,0,0,0,1,1,0,0,0,0,1,1,0,0,0,0,0,0,0,0,,0 + 0j,-1 - 1j,0 + 0j,-1 - 1j
0,0,0,0,1,1,1,0,0,1,1,1,0,0,0,0,0,0,0,0,,0 + 0j,-1 - 1j,1 + 0j,0 - 1j
0,0,0,0,1,1,0,1,0,0,0,1,1,1,0,0,0,0,0,0,,0 + 0j,-1 - 1j,-1 + 1j,-2 + 0j
0,0,0,0,1,1,1,1,0,1,0,1,1,1,0,0,0,0,0,0,,0 + 0j,-1 - 1j,0 + 1j,-1 + 0j
0,0,0,0,1,1,0,0,1,0,1,0,0,1,1,0,0,0,0,0,,0 + 0j,-1 - 1j,0 - 2j,-1 - 3j
0,0,0,0,1,1,1,0,1,1,1,0,0,1,1,0,0,0,0,0,,0 + 0j,-1 - 1j,1 - 2j,0 - 3j
0,0,0,0,1,1,0,1,1,0,0,0,1,0,1,1,1,0,0,0,,0 + 0j,-1 - 1j,-1 - 1j,-2 - 2j
0,0,0,0,1,1,1,1,1,1,0,0,1,0,1,1,1,0,0,0,,0 + 0j,-1 - 1j,0 - 1j,-1 - 2j
0,0,0,1,1,1,0,0,0,1,1,1,0,0,0,0,0,0,0,0,,0 + 0j,0 - 1j,0 + 0j,0 - 1j
0,0,0,1,1,1,1,0,0,0,1,0,1,1,1,0,0,0,0,0,,0 + 0j,0 - 1j,1 + 0j,1 - 1j
0,0,0,1,1,1,0,1,0,1,0,1,1,1,0,0,0,0,0,0,,0 + 0j,0 - 1j,-1 + 1j,-1 + 0j
0,0,0,1,1,1,1,1,0,0,0,0,0,0,0,0,0,0,0,0,,0 + 0j,0 - 1j,0 + 1j,0 + 0j
0,0,0,1,1,1,0,0,1,1,1,0,0,1,1,0,0,0,0,0,,0 + 0j,0 - 1j,0 - 2j,0 - 3j
0,0,0,1,1,1,1,0,1,0,1,1,1,1,1,0,0,0,0,0,,0 + 0j,0 - 1j,1 - 2j,1 - 3j
0,0,0,1,1,1,0,1,1,1,0,0,1,0,1,1,1,0,0,0,,0 + 0j,0 - 1j,-1 - 1j,-1 - 2j
0,0,0,1,1,1,1,1,1,0,0,1,0,0,0,0,0,0,0,0,,0 + 0j,0 - 1j,0 - 1j,0 - 2j
1,0,0,0,0,0,0,0,0,1,0,0,0,0,0,0,0,0,0,0,,1 + 0j,0 + 0j,0 + 0j,1 + 0j
1,0,0,0,0,0,1,0,0,0,0,1,1,0,0,0,0,0,0,0,,1 + 0j,0 + 0j,1 + 0j,2 + 0j
1,0,0,0,0,0,0,1,0,1,1,0,0,0,0,0,0,0,0,0,,1 + 0j,0 + 0j,-1 + 1j,0 + 1j
1,0,0,0,0,0,1,1,0,0,1,1,1,0,0,0,0,0,0,0,,1 + 0j,0 + 0j,0 + 1j,1 + 1j
1,0,0,0,0,0,0,0,1,1,0,1,0,0,0,0,0,0,0,0,,1 + 0j,0 + 0j,0 - 2j,1 - 2j
1,0,0,0,0,0,1,0,1,0,0,0,1,1,1,0,0,0,0,0,,1 + 0j,0 + 0j,1 - 2j,2 - 2j
1,0,0,0,0,0,0,1,1,1,1,1,0,0,0,0,0,0,0,0,,1 + 0j,0 + 0j,-1 - 1j,0 - 1j
1,0,0,0,0,0,1,1,1,0,1,0,1,1,1,0,0,0,0,0,,1 + 0j,0 + 0j,0 - 1j,1 - 1j
1,0,0,1,0,0,0,0,0,0,0,1,1,0,0,0,0,0,0,0,,1 + 0j,1 + 0j,0 + 0j,2 + 0j
1,0,0,1,0,0,1,0,0,1,0,1,1,0,0,0,0,0,0,0,,1 + 0j,1 + 0j,1 + 0j,3 + 0j
1,0,0,1,0,0,0,1,0,0,1,1,1,0,0,0,0,0,0,0,,1 + 0j,1 + 0j,-1 + 1j,1 + 1j
1,0,0,1,0,0,1,1,0,1,1,1,1,0,0,0,0,0,0,0,,1 + 0j,1 + 0j,0 + 1j,2 + 1j
1,0,0,1,0,0,0,0,1,0,0,0,1,1,1,0,0,0,0,0,,1 + 0j,1 + 0j,0 - 2j,2 - 2j
1,0,0,1,0,0,1,0,1,1,0,0,1,1,1,0,0,0,0,0,,1 + 0j,1 + 0j,1 - 2j,3 - 2j
1,0,0,1,0,0,0,1,1,0,1,0,1,1,1,0,0,0,0,0,,1 + 0j,1 + 0j,-1 - 1j,1 - 1j
1,0,0,1,0,0,1,1,1,1,1,0,1,1,1,0,0,0,0,0,,1 + 0j,1 + 0j,0 - 1j,2 - 1j
1,0,0,0,1,0,0,0,0,1,1,0,0,0,0,0,0,0,0,0,,1 + 0j,-1 + 1j,0 + 0j,0 + 1j
1,0,0,0,1,0,1,0,0,0,1,1,1,0,0,0,0,0,0,0,,1 + 0j,-1 + 1j,1 + 0j,1 + 1j
1,0,0,0,1,0,0,1,0,1,0,0,1,1,0,0,0,0,0,0,,1 + 0j,-1 + 1j,-1 + 1j,-1 + 2j
1,0,0,0,1,0,1,1,0,0,0,1,0,1,1,1,0,0,0,0,,1 + 0j,-1 + 1j,0 + 1j,0 + 2j
1,0,0,0,1,0,0,0,1,1,1,1,0,0,0,0,0,0,0,0,,1 + 0j,-1 + 1j,0 - 2j,0 - 1j
1,0,0,0,1,0,1,0,1,0,1,0,1,1,1,0,0,0,0,0,,1 + 0j,-1 + 1j,1 - 2j,1 - 1j
1,0,0,0,1,0,0,1,1,1,0,1,1,1,0,0,0,0,0,0,,1 + 0j,-1 + 1j,-1 - 1j,-1 + 0j
1,0,0,0,1,0,1,1,1,0,0,0,0,0,0,0,0,0,0,0,,1 + 0j,-1 + 1j,0 - 1j,0 + 0j
1,0,0,1,1,0,0,0,0,0,1,1,1,0,0,0,0,0,0,0,,1 + 0j,0 + 1j,0 + 0j,1 + 1j
1,0,0,1,1,0,1,0,0,1,1,1,1,0,0,0,0,0,0,0,,1 + 0j,0 + 1j,1 + 0j,2 + 1j
1,0,0,1,1,0,0,1,0,0,0,1,0,1,1,1,0,0,0,0,,1 + 0j,0 + 1j,-1 + 1j,0 + 2j
1,0,0,1,1,0,1,1,0,1,0,1,0,1,1,1,0,0,0,0,,1 + 0j,0 + 1j,0 + 1j,1 + 2j
1,0,0,1,1,0,0,0,1,0,1,0,1,1,1,0,0,0,0,0,,1 + 0j,0 + 1j,0 - 2j,1 - 1j
1,0,0,1,1,0,1,0,1,1,1,0,1,1,1,0,0,0,0,0,,1 + 0j,0 + 1j,1 - 2j,2 - 1j
1,0,0,1,1,0,0,1,1,0,0,0,0,0,0,0,0,0,0,0,,1 + 0j,0 + 1j,-1 - 1j,0 + 0j
1,0,0,1,1,0,1,1,1,1,0,0,0,0,0,0,0,0,0,0,,1 + 0j,0 + 1j,0 - 1j,1 + 0j
1,0,0,0,0,1,0,0,0,1,0,1,0,0,0,0,0,0,0,0,,1 + 0j,0 - 2j,0 + 0j,1 - 2j
1,0,0,0,0,1,1,0,0,0,0,0,1,1,1,0,0,0,0,0,,1 + 0j,0 - 2j,1 + 0j,2 - 2j
1,0,0,0,0,1,0,1,0,1,1,1,0,0,0,0,0,0,0,0,,1 + 0j,0 - 2j,-1 + 1j,0 - 1j
1,0,0,0,0,1,1,1,0,0,1,0,1,1,1,0,0,0,0,0,,1 + 0j,0 - 2j,0 + 1j,1 - 1j
1,0,0,0,0,1,0,0,1,1,0,0,0,1,1,0,0,0,0,0,,1 + 0j,0 - 2j,0 - 2j,1 - 4j
1,0,0,0,0,1,1,0,1,0,0,1,1,1,1,0,0,0,0,0,,1 + 0j,0 - 2j,1 - 2j,2 - 4j
1,0,0,0,0,1,0,1,1,1,1,0,0,1,1,0,0,0,0,0,,1 + 0j,0 - 2j,-1 - 1j,0 - 3j
1,0,0,0,0,1,1,1,1,0,1,1,1,1,1,0,0,0,0,0,,1 + 0j,0 - 2j,0 - 1j,1 - 3j
1,0,0,1,0,1,0,0,0,0,0,0,1,1,1,0,0,0,0,0,,1 + 0j,1 - 2j,0 + 0j,2 - 2j
1,0,0,1,0,1,1,0,0,1,0,0,1,1,1,0,0,0,0,0,,1 + 0j,1 - 2j,1 + 0j,3 - 2j
1,0,0,1,0,1,0,1,0,0,1,0,1,1,1,0,0,0,0,0,,1 + 0j,1 - 2j,-1 + 1j,1 - 1j
1,0,0,1,0,1,1,1,0,1,1,0,1,1,1,0,0,0,0,0,,1 + 0j,1 - 2j,0 + 1j,2 - 1j
1,0,0,1,0,1,0,0,1,0,0,1,1,1,1,0,0,0,0,0,,1 + 0j,1 - 2j,0 - 2j,2 - 4j
1,0,0,1,0,1,1,0,1,1,0,1,1,1,1,0,0,0,0,0,,1 + 0j,1 - 2j,1 - 2j,3 - 4j
1,0,0,1,0,1,0,1,1,0,1,1,1,1,1,0,0,0,0,0,,1 + 0j,1 - 2j,-1 - 1j,1 - 3j
1,0,0,1,0,1,1,1,1,1,1,1,1,1,1,0,0,0,0,0,,1 + 0j,1 - 2j,0 - 1j,2 - 3j
1,0,0,0,1,1,0,0,0,1,1,1,0,0,0,0,0,0,0,0,,1 + 0j,-1 - 1j,0 + 0j,0 - 1j
1,0,0,0,1,1,1,0,0,0,1,0,1,1,1,0,0,0,0,0,,1 + 0j,-1 - 1j,1 + 0j,1 - 1j
1,0,0,0,1,1,0,1,0,1,0,1,1,1,0,0,0,0,0,0,,1 + 0j,-1 - 1j,-1 + 1j,-1 + 0j
1,0,0,0,1,1,1,1,0,0,0,0,0,0,0,0,0,0,0,0,,1 + 0j,-1 - 1j,0 + 1j,0 + 0j
1,0,0,0,1,1,0,0,1,1,1,0,0,1,1,0,0,0,0,0,,1 + 0j,-1 - 1j,0 - 2j,0 - 3j
1,0,0,0,1,1,1,0,1,0,1,1,1,1,1,0,0,0,0,0,,1 + 0j,-1 - 1j,1 - 2j,1 - 3j
1,0,0,0,1,1,0,1,1,1,0,0,1,0,1,1,1,0,0,0,,1 + 0j,-1 - 1j,-1 - 1j,-1 - 2j
1,0,0,0,1,1,1,1,1,0,0,1,0,0,0,0,0,0,0,0,,1 + 0j,-1 - 1j,0 - 1j,0 - 2j
1,0,0,1,1,1,0,0,0,0,1,0,1,1,1,0,0,0,0,0,,1 + 0j,0 - 1j,0 + 0j,1 - 1j
1,0,0,1,1,1,1,0,0,1,1,0,1,1,1,0,0,0,0,0,,1 + 0j,0 - 1j,1 + 0j,2 - 1j
1,0,0,1,1,1,0,1,0,0,0,0,0,0,0,0,0,0,0,0,,1 + 0j,0 - 1j,-1 + 1j,0 + 0j
1,0,0,1,1,1,1,1,0,1,0,0,0,0,0,0,0,0,0,0,,1 + 0j,0 - 1j,0 + 1j,1 + 0j
1,0,0,1,1,1,0,0,1,0,1,1,1,1,1,0,0,0,0,0,,1 + 0j,0 - 1j,0 - 2j,1 - 3j
1,0,0,1,1,1,1,0,1,1,1,1,1,1,1,0,0,0,0,0,,1 + 0j,0 - 1j,1 - 2j,2 - 3j
1,0,0,1,1,1,0,1,1,0,0,1,0,0,0,0,0,0,0,0,,1 + 0j,0 - 1j,-1 - 1j,0 - 2j
1,0,0,1,1,1,1,1,1,1,0,1,0,0,0,0,0,0,0,0,,1 + 0j,0 - 1j,0 - 1j,1 - 2j
0,1,0,0,0,0,0,0,0,0,1,0,0,0,0,0,0,0,0,0,,-1 + 1j,0 + 0j,0 + 0j,-1 + 1j
0,1,0,0,0,0,1,0,0,1,1,0,0,0,0,0,0,0,0,0,,-1 + 1j,0 + 0j,1 + 0j,0 + 1j
0,1,0,0,0,0,0,1,0,0,0,0,1,1,0,0,0,0,0,0,,-1 + 1j,0 + 0j,-1 + 1j,-2 + 2j
0,1,0,0,0,0,1,1,0,1,0,0,1,1,0,0,0,0,0,0,,-1 + 1j,0 + 0j,0 + 1j,-1 + 2j
0,1,0,0,0,0,0,0,1,0,1,1,0,0,0,0,0,0,0,0,,-1 + 1j,0 + 0j,0 - 2j,-1 - 1j
0,1,0,0,0,0,1,0,1,1,1,1,0,0,0,0,0,0,0,0,,-1 + 1j,0 + 0j,1 - 2j,0 - 1j
0,1,0,0,0,0,0,1,1,0,0,1,1,1,0,0,0,0,0,0,,-1 + 1j,0 + 0j,-1 - 1j,-2 + 0j
0,1,0,0,0,0,1,1,1,1,0,1,1,1,0,0,0,0,0,0,,-1 + 1j,0 + 0j,0 - 1j,-1 + 0j
0,1,0,1,0,0,0,0,0,1,1,0,0,0,0,0,0,0,0,0,,-1 + 1j,1 + 0j,0 + 0j,0 + 1j
0,1,0,1,0,0,1,0,0,0,1,1,1,0,0,0,0,0,0,0,,-1 + 1j,1 + 0j,1 + 0j,1 + 1j
0,1,0,1,0,0,0,1,0,1,0,0,1,1,0,0,0,0,0,0,,-1 + 1j,1 + 0j,-1 + 1j,-1 + 2j
0,1,0,1,0,0,1,1,0,0,0,1,0,1,1,1,0,0,0,0,,-1 + 1j,1 + 0j,0 + 1j,0 + 2j
0,1,0,1,0,0,0,0,1,1,1,1,0,0,0,0,0,0,0,0,,-1 + 1j,1 + 0j,0 - 2j,0 - 1j
0,1,0,1,0,0,1,0,1,0,1,0,1,1,1,0,0,0,0,0,,-1 + 1j,1 + 0j,1 - 2j,1 - 1j
0,1,0,1,0,0,0,1,1,1,0,1,1,1,0,0,0,0,0,0,,-1 + 1j,1 + 0j,-1 - 1j,-1 + 0j
0,1,0,1,0,0,1,1,1,0,0,0,0,0,0,0,0,0,0,0,,-1 + 1j,1 + 0j,0 - 1j,0 + 0j
0,1,0,0,1,0,0,0,0,0,0,0,1,1,0,0,0,0,0,0,,-1 + 1j,-1 + 1j,0 + 0j,-2 + 2j
0,1,0,0,1,0,1,0,0,1,0,0,1,1,0,0,0,0,0,0,,-1 + 1j,-1 + 1j,1 + 0j,-1 + 2j
0,1,0,0,1,0,0,1,0,0,1,0,1,1,0,0,0,0,0,0,,-1 + 1j,-1 + 1j,-1 + 1j,-3 + 3j
0,1,0,0,1,0,1,1,0,1,1,0,1,1,0,0,0,0,0,0,,-1 + 1j,-1 + 1j,0 + 1j,-2 + 3j
0,1,0,0,1,0,0,0,1,0,0,1,1,1,0,0,0,0,0,0,,-1 + 1j,-1 + 1j,0 - 2j,-2 + 0j
0,1,0,0,1,0,1,0,1,1,0,1,1,1,0,0,0,0,0,0,,-1 + 1j,-1 + 1j,1 - 2j,-1 + 0j
0,1,0,0,1,0,0,1,1,0,1,1,1,1,0,0,0,0,0,0,,-1 + 1j,-1 + 1j,-1 - 1j,-3 + 1j
0,1,0,0,1,0,1,1,1,1,1,1,1,1,0,0,0,0,0,0,,-1 + 1j,-1 + 1j,0 - 1j,-2 + 1j
0,1,0,1,1,0,0,0,0,1,0,0,1,1,0,0,0,0,0,0,,-1 + 1j,0 + 1j,0 + 0j,-1 + 2j
0,1,0,1,1,0,1,0,0,0,0,1,0,1,1,1,0,0,0,0,,-1 + 1j,0 + 1j,1 + 0j,0 + 2j
0,1,0,1,1,0,0,1,0,1,1,0,1,1,0,0,0,0,0,0,,-1 + 1j,0 + 1j,-1 + 1j,-2 + 3j
0,1,0,1,1,0,1,1,0,0,1,1,0,1,1,1,0,0,0,0,,-1 + 1j,0 + 1j,0 + 1j,-1 + 3j
0,1,0,1,1,0,0,0,1,1,0,1,1,1,0,0,0,0,0,0,,-1 + 1j,0 + 1j,0 - 2j,-1 + 0j
0,1,0,1,1,0,1,0,1,0,0,0,0,0,0,0,0,0,0,0,,-1 + 1j,0 + 1j,1 - 2j,0 + 0j
0,1,0,1,1,0,0,1,1,1,1,1,1,1,0,0,0,0,0,0,,-1 + 1j,0 + 1j,-1 - 1j,-2 + 1j
0,1,0,1,1,0,1,1,1,0,1,0,0,0,0,0,0,0,0,0,,-1 + 1j,0 + 1j,0 - 1j,-1 + 1j
0,1,0,0,0,1,0,0,0,0,1,1,0,0,0,0,0,0,0,0,,-1 + 1j,0 - 2j,0 + 0j,-1 - 1j
0,1,0,0,0,1,1,0,0,1,1,1,0,0,0,0,0,0,0,0,,-1 + 1j,0 - 2j,1 + 0j,0 - 1j
0,1,0,0,0,1,0,1,0,0,0,1,1,1,0,0,0,0,0,0,,-1 + 1j,0 - 2j,-1 + 1j,-2 + 0j
0,1,0,0,0,1,1,1,0,1,0,1,1,1,0,0,0,0,0,0,,-1 + 1j,0 - 2j,0 + 1j,-1 + 0j
0,1,0,0,0,1,0,0,1,0,1,0,0,1,1,0,0,0,0,0,,-1 + 1j,0 - 2j,0 - 2j,-1 - 3j
0,1,0,0,0,1,1,0,1,1,1,0,0,1,1,0,0,0,0,0,,-1 + 1j,0 - 2j,1 - 2j,0 - 3j
0,1,0,0,0,1,0,1,1,0,0,0,1,0,1,1,1,0,0,0,,-1 + 1j,0 - 2j,-1 - 1j,-2 - 2j
0,1,0,0,0,1,1,1,1,1,0,0,1,0,1,1,1,0,0,0,,-1 + 1j,0 - 2j,0 - 1j,-1 - 2j
0,1,0,1,0,1,0,0,0,1,1,1,0,0,0,0,0,0,0,0,,-1 + 1j,1 - 2j,0 + 0j,0 - 1j
0,1,0,1,0,1,1,0,0,0,1,0,1,1,1,0,0,0,0,0,,-1 + 1j,1 - 2j,1 + 0j,1 - 1j
0,1,0,1,0,1,0,1,0,1,0,1,1,1,0,0,0,0,0,0,,-1 + 1j,1 - 2j,-1 + 1j,-1 + 0j
0,1,0,1,0,1,1,1,0,0,0,0,0,0,0,0,0,0,0,0,,-1 + 1j,1 - 2j,0 + 1j,0 + 0j
0,1,0,1,0,1,0,0,1,1,1,0,0,1,1,0,0,0,0,0,,-1 + 1j,1 - 2j,0 - 2j,0 - 3j
0,1,0,1,0,1,1,0,1,0,1,1,1,1,1,0,0,0,0,0,,-1 + 1j,1 - 2j,1 - 2j,1 - 3j
0,1,0,1,0,1,0,1,1,1,0,0,1,0,1,1,1,0,0,0,,-1 + 1j,1 - 2j,-1 - 1j,-1 - 2j
0,1,0,1,0,1,1,1,1,0,0,1,0,0,0,0,0,0,0,0,,-1 + 1j,1 - 2j,0 - 1j,0 - 2j
0,1,0,0,1,1,0,0,0,0,0,1,1,1,0,0,0,0,0,0,,-1 + 1j,-1 - 1j,0 + 0j,-2 + 0j
0,1,0,0,1,1,1,0,0,1,0,1,1,1,0,0,0,0,0,0,,-1 + 1j,-1 - 1j,1 + 0j,-1 + 0j
0,1,0,0,1,1,0,1,0,0,1,1,1,1,0,0,0,0,0,0,,-1 + 1j,-1 - 1j,-1 + 1j,-3 + 1j
0,1,0,0,1,1,1,1,0,1,1,1,1,1,0,0,0,0,0,0,,-1 + 1j,-1 - 1j,0 + 1j,-2 + 1j
0,1,0,0,1,1,0,0,1,0,0,0,1,0,1,1,1,0,0,0,,-1 + 1j,-1 - 1j,0 - 2j,-2 - 2j
0,1,0,0,1,1,1,0,1,1,0,0,1,0,1,1,1,0,0,0,,-1 + 1j,-1 - 1j,1 - 2j,-1 - 2j
0,1,0,0,1,1,0,1,1,0,1,0,1,0,1,1,1,0,0,0,,-1 + 1j,-1 - 1j,-1 - 1j,-3 - 1j
0,1,0,0,1,1,1,1,1,1,1,0,1,0,1,1,1,0,0,0,,-1 + 1j,-1 - 1j,0 - 1j,-2 - 1j
0,1,0,1,1,1,0,0,0,1,0,1,1,1,0,0,0,0,0,0,,-1 + 1j,0 - 1j,0 + 0j,-1 + 0j
0,1,0,1,1,1,1,0,0,0,0,0,0,0,0,0,0,0,0,0,,-1 + 1j,0 - 1j,1 + 0j,0 + 0j
0,1,0,1,1,1,0,1,0,1,1,1,1,1,0,0,0,0,0,0,,-1 + 1j,0 - 1j,-1 + 1j,-2 + 1j
0,1,0,1,1,1,1,1,0,0,1,0,0,0,0,0,0,0,0,0,,-1 + 1j,0 - 1j,0 + 1j,-1 + 1j
0,1,0,1,1,1,0,0,1,1,0,0,1,0,1,1,1,0,0,0,,-1 + 1j,0 - 1j,0 - 2j,-1 - 2j
0,1,0,1,1,1,1,0,1,0,0,1,0,0,0,0,0,0,0,0,,-1 + 1j,0 - 1j,1 - 2j,0 - 2j
0,1,0,1,1,1,0,1,1,1,1,0,1,0,1,1,1,0,0,0,,-1 + 1j,0 - 1j,-1 - 1j,-2 - 1j
0,1,0,1,1,1,1,1,1,0,1,1,0,0,0,0,0,0,0,0,,-1 + 1j,0 - 1j,0 - 1j,-1 - 1j
1,1,0,0,0,0,0,0,0,1,1,0,0,0,0,0,0,0,0,0,,0 + 1j,0 + 0j,0 + 0j,0 + 1j
1,1,0,0,0,0,1,0,0,0,1,1,1,0,0,0,0,0,0,0,,0 + 1j,0 + 0j,1 + 0j,1 + 1j
1,1,0,0,0,0,0,1,0,1,0,0,1,1,0,0,0,0,0,0,,0 + 1j,0 + 0j,-1 + 1j,-1 + 2j
1,1,0,0,0,0,1,1,0,0,0,1,0,1,1,1,0,0,0,0,,0 + 1j,0 + 0j,0 + 1j,0 + 2j
1,1,0,0,0,0,0,0,1,1,1,1,0,0,0,0,0,0,0,0,,0 + 1j,0 + 0j,0 - 2j,0 - 1j
1,1,0,0,0,0,1,0,1,0,1,0,1,1,1,0,0,0,0,0,,0 + 1j,0 + 0j,1 - 2j,1 - 1j
1,1,0,0,0,0,0,1,1,1,0,1,1,1,0,0,0,0,0,0,,0 + 1j,0 + 0j,-1 - 1j,-1 + 0j
1,1,0,0,0,0,1,1,1,0,0,0,0,0,0,0,0,0,0,0,,0 + 1j,0 + 0j,0 - 1j,0 + 0j
1,1,0,1,0,0,0,0,0,0,1,1,1,0,0,0,0,0,0,0,,0 + 1j,1 + 0j,0 + 0j,1 + 1j
1,1,0,1,0,0,1,0,0,1,1,1,1,0,0,0,0,0,0,0,,0 + 1j,1 + 0j,1 + 0j,2 + 1j
1,1,0,1,0,0,0,1,0,0,0,1,0,1,1,1,0,0,0,0,,0 + 1j,1 + 0j,-1 + 1j,0 + 2j
1,1,0,1,0,0,1,1,0,1,0,1,0,1,1,1,0,0,0,0,,0 + 1j,1 + 0j,0 + 1j,1 + 2j
1,1,0,1,0,0,0,0,1,0,1,0,1,1,1,0,0,0,0,0,,0 + 1j,1 + 0j,0 - 2j,1 - 1j
1,1,0,1,0,0,1,0,1,1,1,0,1,1,1,0,0,0,0,0,,0 + 1j,1 + 0j,1 - 2j,2 - 1j
1,1,0,1,0,0,0,1,1,0,0,0,0,0,0,0,0,0,0,0,,0 + 1j,1 + 0j,-1 - 1j,0 + 0j
1,1,0,1,0,0,1,1,1,1,0,0,0,0,0,0,0,0,0,0,,0 + 1j,1 + 0j,0 - 1j,1 + 0j
1,1,0,0,1,0,0,0,0,1,0,0,1,1,0,0,0,0,0,0,,0 + 1j,-1 + 1j,0 + 0j,-1 + 2j
1,1,0,0,1,0,1,0,0,0,0,1,0,1,1,1,0,0,0,0,,0 + 1j,-1 + 1j,1 + 0j,0 + 2j
1,1,0,0,1,0,0,1,0,1,1,0,1,1,0,0,0,0,0,0,,0 + 1j,-1 + 1j,-1 + 1j,-2 + 3j
1,1,0,0,1,0,1,1,0,0,1,1,0,1,1,1,0,0,0,0,,0 + 1j,-1 + 1j,0 + 1j,-1 + 3j
1,1,0,0,1,0,0,0,1,1,0,1,1,1,0,0,0,0,0,0,,0 + 1j,-1 + 1j,0 - 2j,-1 + 0j
1,1,0,0,1,0,1,0,1,0,0,0,0,0,0,0,0,0,0,0,,0 + 1j,-1 + 1j,1 - 2j,0 + 0j
1,1,0,0,1,0,0,1,1,1,1,1,1,1,0,0,0,0,0,0,,0 + 1j,-1 + 1j,-1 - 1j,-2 + 1j
1,1,0,0,1,0,1,1,1,0,1,0,0,0,0,0,0,0,0,0,,0 + 1j,-1 + 1j,0 - 1j,-1 + 1j
1,1,0,1,1,0,0,0,0,0,0,1,0,1,1,1,0,0,0,0,,0 + 1j,0 + 1j,0 + 0j,0 + 2j
1,1,0,1,1,0,1,0,0,1,0,1,0,1,1,1,0,0,0,0,,0 + 1j,0 + 1j,1 + 0j,1 + 2j
1,1,0,1,1,0,0,1,0,0,1,1,0,1,1,1,0,0,0,0,,0 + 1j,0 + 1j,-1 + 1j,-1 + 3j
1,1,0,1,1,0,1,1,0,1,1,1,0,1,1,1,0,0,0,0,,0 + 1j,0 + 1j,0 + 1j,0 + 3j
1,1,0,1,1,0,0,0,1,0,0,0,0,0,0,0,0,0,0,0,,0 + 1j,0 + 1j,0 - 2j,0 + 0j
1,1,0,1,1,0,1,0,1,1,0,0,0,0,0,0,0,0,0,0,,0 + 1j,0 + 1j,1 - 2j,1 + 0j
1,1,0,1,1,0,0,1,1,0,1,0,0,0,0,0,0,0,0,0,,0 + 1j,0 + 1j,-1 - 1j,-1 + 1j
1,1,0,1,1,0,1,1,1,1,1,0,0,0,0,0,0,0,0,0,,0 + 1j,0 + 1j,0 - 1j,0 + 1j
1,1,0,0,0,1,0,0,0,1,1,1,0,0,0,0,0,0,0,0,,0 + 1j,0 - 2j,0 + 0j,0 - 1j
1,1,0,0,0,1,1,0,0,0,1,0,1,1,1,0,0,0,0,0,,0 + 1j,0 - 2j,1 + 0j,1 - 1j
1,1,0,0,0,1,0,1,0,1,0,1,1,1,0,0,0,0,0,0,,0 + 1j,0 - 2j,-1 + 1j,-1 + 0j
1,1,0,0,0,1,1,1,0,0,0,0,0,0,0,0,0,0,0,0,,0 + 1j,0 - 2j,0 + 1j,0 + 0j
1,1,0,0,0,1,0,0,1,1,1,0,0,1,1,0,0,0,0,0,,0 + 1j,0 - 2j,0 - 2j,0 - 3j
1,1,0,0,0,1,1,0,1,0,1,1,1,1,1,0,0,0,0,0,,0 + 1j,0 - 2j,1 - 2j,1 - 3j
1,1,0,0,0,1,0,1,1,1,0,0,1,0,1,1,1,0,0,0,,0 + 1j,0 - 2j,-1 - 1j,-1 - 2j
1,1,0,0,0,1,1,1,1,0,0,1,0,0,0,0,0,0,0,0,,0 + 1j,0 - 2j,0 - 1j,0 - 2j
1,1,0,1,0,1,0,0,0,0,1,0,1,1,1,0,0,0,0,0,,0 + 1j,1 - 2j,0 + 0j,1 - 1j
1,1,0,1,0,1,1,0,0,1,1,0,1,1,1,0,0,0,0,0,,0 + 1j,1 - 2j,1 + 0j,2 - 1j
1,1,0,1,0,1,0,1,0,0,0,0,0,0,0,0,0,0,0,0,,0 + 1j,1 - 2j,-1 + 1j,0 + 0j
1,1,0,1,0,1,1,1,0,1,0,0,0,0,0,0,0,0,0,0,,0 + 1j,1 - 2j,0 + 1j,1 + 0j
1,1,0,1,0,1,0,0,1,0,1,1,1,1,1,0,0,0,0,0,,0 + 1j,1 - 2j,0 - 2j,1 - 3j
1,1,0,1,0,1,1,0,1,1,1,1,1,1,1,0,0,0,0,0,,0 + 1j,1 - 2j,1 - 2j,2 - 3j
1,1,0,1,0,1,0,1,1,0,0,1,0,0,0,0,0,0,0,0,,0 + 1j,1 - 2j,-1 - 1j,0 - 2j
1,1,0,1,0,1,1,1,1,1,0,1,0,0,0,0,0,0,0,0,,0 + 1j,1 - 2j,0 - 1j,1 - 2j
1,1,0,0,1,1,0,0,0,1,0,1,1,1,0,0,0,0,0,0,,0 + 1j,-1 - 1j,0 + 0j,-1 + 0j
1,1,0,0,1,1,1,0,0,0,0,0,0,0,0,0,0,0,0,0,,0 + 1j,-1 - 1j,1 + 0j,0 + 0j
1,1,0,0,1,1,0,1,0,1,1,1,1,1,0,0,0,0,0,0,,0 + 1j,-1 - 1j,-1 + 1j,-2 + 1j
1,1,0,0,1,1,1,1,0,0,1,0,0,0,0,0,0,0,0,0,,0 + 1j,-1 - 1j,0 + 1j,-1 + 1j
1,1,0,0,1,1,0,0,1,1,0,0,1,0,1,1,1,0,0,0,,0 + 1j,-1 - 1j,0 - 2j,-1 - 2j
1,1,0,0,1,1,1,0,1,0,0,1,0,0,0,0,0,0,0,0,,0 + 1j,-1 - 1j,1 - 2j,0 - 2j
1,1,0,0,1,1,0,1,1,1,1,0,1,0,1,1,1,0,0,0,,0 + 1j,-1 - 1j,-1 - 1j,-2 - 1j
1,1,0,0,1,1,1,1,1,0,1,1,0,0,0,0,0,0,0,0,,0 + 1j,-1 - 1j,0 - 1j,-1 - 1j
1,1,0,1,1,1,0,0,0,0,0,0,0,0,0,0,0,0,0,0,,0 + 1j,0 - 1j,0 + 0j,0 + 0j
1,1,0,1,1,1,1,0,0,1,0,0,0,0,0,0,0,0,0,0,,0 + 1j,0 - 1j,1 + 0j,1 + 0j
1,1,0,1,1,1,0,1,0,0,1,0,0,0,0,0,0,0,0,0,,0 + 1j,0 - 1j,-1 + 1j,-1 + 1j
1,1,0,1,1,1,1,1,0,1,1,0,0,0,0,0,0,0,0,0,,0 + 1j,0 - 1j,0 + 1j,0 + 1j
1,1,0,1,1,1,0,0,1,0,0,1,0,0,0,0,0,0,0,0,,0 + 1j,0 - 1j,0 - 2j,0 - 2j
1,1,0,1,1,1,1,0,1,1,0,1,0,0,0,0,0,0,0,0,,0 + 1j,0 - 1j,1 - 2j,1 - 2j
1,1,0,1,1,1,0,1,1,0,1,1,0,0,0,0,0,0,0,0,,0 + 1j,0 - 1j,-1 - 1j,-1 - 1j
1,1,0,1,1,1,1,1,1,1,1,1,0,0,0,0,0,0,0,0,,0 + 1j,0 - 1j,0 - 1j,0 - 1j
0,0,1,0,0,0,0,0,0,0,0,1,0,0,0,0,0,0,0,0,,0 - 2j,0 + 0j,0 + 0j,0 - 2j
0,0,1,0,0,0,1,0,0,1,0,1,0,0,0,0,0,0,0,0,,0 - 2j,0 + 0j,1 + 0j,1 - 2j
0,0,1,0,0,0,0,1,0,0,1,1,0,0,0,0,0,0,0,0,,0 - 2j,0 + 0j,-1 + 1j,-1 - 1j
0,0,1,0,0,0,1,1,0,1,1,1,0,0,0,0,0,0,0,0,,0 - 2j,0 + 0j,0 + 1j,0 - 1j
0,0,1,0,0,0,0,0,1,0,0,0,0,1,1,0,0,0,0,0,,0 - 2j,0 + 0j,0 - 2j,0 - 4j
0,0,1,0,0,0,1,0,1,1,0,0,0,1,1,0,0,0,0,0,,0 - 2j,0 + 0j,1 - 2j,1 - 4j
0,0,1,0,0,0,0,1,1,0,1,0,0,1,1,0,0,0,0,0,,0 - 2j,0 + 0j,-1 - 1j,-1 - 3j
0,0,1,0,0,0,1,1,1,1,1,0,0,1,1,0,0,0,0,0,,0 - 2j,0 + 0j,0 - 1j,0 - 3j
0,0,1,1,0,0,0,0,0,1,0,1,0,0,0,0,0,0,0,0,,0 - 2j,1 + 0j,0 + 0j,1 - 2j
0,0,1,1,0,0,1,0,0,0,0,0,1,1,1,0,0,0,0,0,,0 - 2j,1 + 0j,1 + 0j,2 - 2j
0,0,1,1,0,0,0,1,0,1,1,1,0,0,0,0,0,0,0,0,,0 - 2j,1 + 0j,-1 + 1j,0 - 1j
0,0,1,1,0,0,1,1,0,0,1,0,1,1,1,0,0,0,0,0,,0 - 2j,1 + 0j,0 + 1j,1 - 1j
0,0,1,1,0,0,0,0,1,1,0,0,0,1,1,0,0,0,0,0,,0 - 2j,1 + 0j,0 - 2j,1 - 4j
0,0,1,1,0,0,1,0,1,0,0,1,1,1,1,0,0,0,0,0,,0 - 2j,1 + 0j,1 - 2j,2 - 4j
0,0,1,1,0,0,0,1,1,1,1,0,0,1,1,0,0,0,0,0,,0 - 2j,1 + 0j,-1 - 1j,0 - 3j
0,0,1,1,0,0,1,1,1,0,1,1,1,1,1,0,0,0,0,0,,0 - 2j,1 + 0j,0 - 1j,1 - 3j
0,0,1,0,1,0,0,0,0,0,1,1,0,0,0,0,0,0,0,0,,0 - 2j,-1 + 1j,0 + 0j,-1 - 1j
0,0,1,0,1,0,1,0,0,1,1,1,0,0,0,0,0,0,0,0,,0 - 2j,-1 + 1j,1 + 0j,0 - 1j
0,0,1,0,1,0,0,1,0,0,0,1,1,1,0,0,0,0,0,0,,0 - 2j,-1 + 1j,-1 + 1j,-2 + 0j
0,0,1,0,1,0,1,1,0,1,0,1,1,1,0,0,0,0,0,0,,0 - 2j,-1 + 1j,0 + 1j,-1 + 0j
0,0,1,0,1,0,0,0,1,0,1,0,0,1,1,0,0,0,0,0,,0 - 2j,-1 + 1j,0 - 2j,-1 - 3j
0,0,1,0,1,0,1,0,1,1,1,0,0,1,1,0,0,0,0,0,,0 - 2j,-1 + 1j,1 - 2j,0 - 3j
0,0,1,0,1,0,0,1,1,0,0,0,1,0,1,1,1,0,0,0,,0 - 2j,-1 + 1j,-1 - 1j,-2 - 2j
0,0,1,0,1,0,1,1,1,1,0,0,1,0,1,1,1,0,0,0,,0 - 2j,-1 + 1j,0 - 1j,-1 - 2j
0,0,1,1,1,0,0,0,0,1,1,1,0,0,0,0,0,0,0,0,,0 - 2j,0 + 1j,0 + 0j,0 - 1j
0,0,1,1,1,0,1,0,0,0,1,0,1,1,1,0,0,0,0,0,,0 - 2j,0 + 1j,1 + 0j,1 - 1j
0,0,1,1,1,0,0,1,0,1,0,1,1,1,0,0,0,0,0,0,,0 - 2j,0 + 1j,-1 + 1j,-1 + 0j
0,0,1,1,1,0,1,1,0,0,0,0,0,0,0,0,0,0,0,0,,0 - 2j,0 + 1j,0 + 1j,0 + 0j
0,0,1,1,1,0,0,0,1,1,1,0,0,1,1,0,0,0,0,0,,0 - 2j,0 + 1j,0 - 2j,0 - 3j
0,0,1,1,1,0,1,0,1,0,1,1,1,1,1,0,0,0,0,0,,0 - 2j,0 + 1j,1 - 2j,1 - 3j
0,0,1,1,1,0,0,1,1,1,0,0,1,0,1,1,1,0,0,0,,0 - 2j,0 + 1j,-1 - 1j,-1 - 2j
0,0,1,1,1,0,1,1,1,0,0,1,0,0,0,0,0,0,0,0,,0 - 2j,0 + 1j,0 - 1j,0 - 2j
0,0,1,0,0,1,0,0,0,0,0,0,0,1,1,0,0,0,0,0,,0 - 2j,0 - 2j,0 + 0j,0 - 4j
0,0,1,0,0,1,1,0,0,1,0,0,0,1,1,0,0,0,0,0,,0 - 2j,0 - 2j,1 + 0j,1 - 4j
0,0,1,0,0,1,0,1,0,0,1,0,0,1,1,0,0,0,0,0,,0 - 2j,0 - 2j,-1 + 1j,-1 - 3j
0,0,1,0,0,1,1,1,0,1,1,0,0,1,1,0,0,0,0,0,,0 - 2j,0 - 2j,0 + 1j,0 - 3j
0,0,1,0,0,1,0,0,1,0,0,1,0,1,1,0,0,0,0,0,,0 - 2j,0 - 2j,0 - 2j,0 - 6j
0,0,1,0,0,1,1,0,1,1,0,1,0,1,1,0,0,0,0,0,,0 - 2j,0 - 2j,1 - 2j,1 - 6j
0,0,1,0,0,1,0,1,1,0,1,1,0,1,1,0,0,0,0,0,,0 - 2j,0 - 2j,-1 - 1j,-1 - 5j
0,0,1,0,0,1,1,1,1,1,1,1,0,1,1,0,0,0,0,0,,0 - 2j,0 - 2j,0 - 1j,0 - 5j
0,0,1,1,0,1,0,0,0,1,0,0,0,1,1,0,0,0,0,0,,0 - 2j,1 - 2j,0 + 0j,1 - 4j
0,0,1,1,0,1,1,0,0,0,0,1,1,1,1,0,0,0,0,0,,0 - 2j,1 - 2j,1 + 0j,2 - 4j
0,0,1,1,0,1,0,1,0,1,1,0,0,1,1,0,0,0,0,0,,0 - 2j,1 - 2j,-1 + 1j,0 - 3j
0,0,1,1,0,1,1,1,0,0,1,1,1,1,1,0,0,0,0,0,,0 - 2j,1 - 2j,0 + 1j,1 - 3j
0,0,1,1,0,1,0,0,1,1,0,1,0,1,1,0,0,0,0,0,,0 - 2j,1 - 2j,0 - 2j,1 - 6j
0,0,1,1,0,1,1,0,1,0,0,0,1,0,0,1,0,1,1,1,,0 - 2j,1 - 2j,1 - 2j,2 - 6j
0,0,1,1,0,1,0,1,1,1,1,1,0,1,1,0,0,0,0,0,,0 - 2j,1 - 2j,-1 - 1j,0 - 5j
0,0,1,1,0,1,1,1,1,0,1,0,1,0,0,1,0,1,1,1,,0 - 2j,1 - 2j,0 - 1j,1 - 5j
0,0,1,0,1,1,0,0,0,0,1,0,0,1,1,0,0,0,0,0,,0 - 2j,-1 - 1j,0 + 0j,-1 - 3j
0,0,1,0,1,1,1,0,0,1,1,0,0,1,1,0,0,0,0,0,,0 - 2j,-1 - 1j,1 + 0j,0 - 3j
0,0,1,0,1,1,0,1,0,0,0,0,1,0,1,1,1,0,0,0,,0 - 2j,-1 - 1j,-1 + 1j,-2 - 2j
0,0,1,0,1,1,1,1,0,1,0,0,1,0,1,1,1,0,0,0,,0 - 2j,-1 - 1j,0 + 1j,-1 - 2j
0,0,1,0,1,1,0,0,1,0,1,1,0,1,1,0,0,0,0,0,,0 - 2j,-1 - 1j,0 - 2j,-1 - 5j
0,0,1,0,1,1,1,0,1,1,1,1,0,1,1,0,0,0,0,0,,0 - 2j,-1 - 1j,1 - 2j,0 - 5j
0,0,1,0,1,1,0,1,1,0,0,1,1,0,1,1,1,0,0,0,,0 - 2j,-1 - 1j,-1 - 1j,-2 - 4j
0,0,1,0,1,1,1,1,1,1,0,1,1,0,1,1,1,0,0,0,,0 - 2j,-1 - 1j,0 - 1j,-1 - 4j
0,0,1,1,1,1,0,0,0,1,1,0,0,1,1,0,0,0,0,0,,0 - 2j,0 - 1j,0 + 0j,0 - 3j
0,0,1,1,1,1,1,0,0,0,1,1,1,1,1,0,0,0,0,0,,0 - 2j,0 - 1j,1 + 0j,1 - 3j
0,0,1,1,1,1,0,1,0,1,0,0,1,0,1,1,1,0,0,0,,0 - 2j,0 - 1j,-1 + 1j,-1 - 2j
0,0,1,1,1,1,1,1,0,0,0,1,0,0,0,0,0,0,0,0,,0 - 2j,0 - 1j,0 + 1j,0 - 2j
0,0,1,1,1,1,0,0,1,1,1,1,0,1,1,0,0,0,0,0,,0 - 2j,0 - 1j,0 - 2j,0 - 5j
0,0,1,1,1,1,1,0,1,0,1,0,1,0,0,1,0,1,1,1,,0 - 2j,0 - 1j,1 - 2j,1 - 5j
0,0,1,1,1,1,0,1,1,1,0,1,1,0,1,1,1,0,0,0,,0 - 2j,0 - 1j,-1 - 1j,-1 - 4j
0,0,1,1,1,1,1,1,1,0,0,0,0,1,1,0,0,0,0,0,,0 - 2j,0 - 1j,0 - 1j,0 - 4j
1,0,1,0,0,0,0,0,0,1,0,1,0,0,0,0,0,0,0,0,,1 - 2j,0 + 0j,0 + 0j,1 - 2j
1,0,1,0,0,0,1,0,0,0,0,0,1,1,1,0,0,0,0,0,,1 - 2j,0 + 0j,1 + 0j,2 - 2j
1,0,1,0,0,0,0,1,0,1,1,1,0,0,0,0,0,0,0,0,,1 - 2j,0 + 0j,-1 + 1j,0 - 1j
1,0,1,0,0,0,1,1,0,0,1,0,1,1,1,0,0,0,0,0,,1 - 2j,0 + 0j,0 + 1j,1 - 1j
1,0,1,0,0,0,0,0,1,1,0,0,0,1,1,0,0,0,0,0,,1 - 2j,0 + 0j,0 - 2j,1 - 4j
1,0,1,0,0,0,1,0,1,0,0,1,1,1,1,0,0,0,0,0,,1 - 2j,0 + 0j,1 - 2j,2 - 4j
1,0,1,0,0,0,0,1,1,1,1,0,0,1,1,0,0,0,0,0,,1 - 2j,0 + 0j,-1 - 1j,0 - 3j
1,0,1,0,0,0,1,1,1,0,1,1,1,1,1,0,0,0,0,0,,1 - 2j,0 + 0j,0 - 1j,1 - 3j
1,0,1,1,0,0,0,0,0,0,0,0,1,1,1,0,0,0,0,0,,1 - 2j,1 + 0j,0 + 0j,2 - 2j
1,0,1,1,0,0,1,0,0,1,0,0,1,1,1,0,0,0,0,0,,1 - 2j,1 + 0j,1 + 0j,3 - 2j
1,0,1,1,0,0,0,1,0,0,1,0,1,1,1,0,0,0,0,0,,1 - 2j,1 + 0j,-1 + 1j,1 - 1j
1,0,1,1,0,0,1,1,0,1,1,0,1,1,1,0,0,0,0,0,,1 - 2j,1 + 0j,0 + 1j,2 - 1j
1,0,1,1,0,0,0,0,1,0,0,1,1,1,1,0,0,0,0,0,,1 - 2j,1 + 0j,0 - 2j,2 - 4j
1,0,1,1,0,0,1,0,1,1,0,1,1,1,1,0,0,0,0,0,,1 - 2j,1 + 0j,1 - 2j,3 - 4j
1,0,1,1,0,0,0,1,1,0,1,1,1,1,1,0,0,0,0,0,,1 - 2j,1 + 0j,-1 - 1j,1 - 3j
1,0,1,1,0,0,1,1,1,1,1,1,1,1,1,0,0,0,0,0,,1 - 2j,1 + 0j,0 - 1j,2 - 3j
1,0,1,0,1,0,0,0,0,1,1,1,0,0,0,0,0,0,0,0,,1 - 2j,-1 + 1j,0 + 0j,0 - 1j
1,0,1,0,1,0,1,0,0,0,1,0,1,1,1,0,0,0,0,0,,1 - 2j,-1 + 1j,1 + 0j,1 - 1j
1,0,1,0,1,0,0,1,0,1,0,1,1,1,0,0,0,0,0,0,,1 - 2j,-1 + 1j,-1 + 1j,-1 + 0j
1,0,1,0,1,0,1,1,0,0,0,0,0,0,0,0,0,0,0,0,,1 - 2j,-1 + 1j,0 + 1j,0 + 0j
1,0,1,0,1,0,0,0,1,1,1,0,0,1,1,0,0,0,0,0,,1 - 2j,-1 + 1j,0 - 2j,0 - 3j
1,0,1,0,1,0,1,0,1,0,1,1,1,1,1,0,0,0,0,0,,1 - 2j,-1 + 1j,1 - 2j,1 - 3j
1,0,1,0,1,0,0,1,1,1,0,0,1,0,1,1,1,0,0,0,,1 - 2j,-1 + 1j,-1 - 1j,-1 - 2j
1,0,1,0,1,0,1,1,1,0,0,1,0,0,0,0,0,0,0,0,,1 - 2j,-1 + 1j,0 - 1j,0 - 2j
1,0,1,1,1,0,0,0,0,0,1,0,1,1,1,0,0,0,0,0,,1 - 2j,0 + 1j,0 + 0j,1 - 1j
1,0,1,1,1,0,1,0,0,1,1,0,1,1,1,0,0,0,0,0,,1 - 2j,0 + 1j,1 + 0j,2 - 1j
1,0,1,1,1,0,0,1,0,0,0,0,0,0,0,0,0,0,0,0,,1 - 2j,0 + 1j,-1 + 1j,0 + 0j
1,0,1,1,1,0,1,1,0,1,0,0,0,0,0,0,0,0,0,0,,1 - 2j,0 + 1j,0 + 1j,1 + 0j
1,0,1,1,1,0,0,0,1,0,1,1,1,1,1,0,0,0,0,0,,1 - 2j,0 + 1j,0 - 2j,1 - 3j
1,0,1,1,1,0,1,0,1,1,1,1,1,1,1,0,0,0,0,0,,1 - 2j,0 + 1j,1 - 2j,2 - 3j
1,0,1,1,1,0,0,1,1,0,0,1,0,0,0,0,0,0,0,0,,1 - 2j,0 + 1j,-1 - 1j,0 - 2j
1,0,1,1,1,0,1,1,1,1,0,1,0,0,0,0,0,0,0,0,,1 - 2j,0 + 1j,0 - 1j,1 - 2j
1,0,1,0,0,1,0,0,0,1,0,0,0,1,1,0,0,0,0,0,,1 - 2j,0 - 2j,0 + 0j,1 - 4j
1,0,1,0,0,1,1,0,0,0,0,1,1,1,1,0,0,0,0,0,,1 - 2j,0 - 2j,1 + 0j,2 - 4j
1,0,1,0,0,1,0,1,0,1,1,0,0,1,1,0,0,0,0,0,,1 - 2j,0 - 2j,-1 + 1j,0 - 3j
1,0,1,0,0,1,1,1,0,0,1,1,1,1,1,0,0,0,0,0,,1 - 2j,0 - 2j,0 + 1j,1 - 3j
1,0,1,0,0,1,0,0,1,1,0,1,0,1,1,0,0,0,0,0,,1 - 2j,0 - 2j,0 - 2j,1 - 6j
1,0,1,0,0,1,1,0,1,0,0,0,1,0,0,1,0,1,1,1,,1 - 2j,0 - 2j,1 - 2j,2 - 6j
1,0,1,0,0,1,0,1,1,1,1,1,0,1,1,0,0,0,0,0,,1 - 2j,0 - 2j,-1 - 1j,0 - 5j
1,0,1,0,0,1,1,1,1,0,1,0,1,0,0,1,0,1,1,1,,1 - 2j,0 - 2j,0 - 1j,1 - 5j
1,0,1,1,0,1,0,0,0,0,0,1,1,1,1,0,0,0,0,0,,1 - 2j,1 - 2j,0 + 0j,2 - 4j
1,0,1,1,0,1,1,0,0,1,0,1,1,1,1,0,0,0,0,0,,1 - 2j,1 - 2j,1 + 0j,3 - 4j
1,0,1,1,0,1,0,1,0,0,1,1,1,1,1,0,0,0,0,0,,1 - 2j,1 - 2j,-1 + 1j,1 - 3j
1,0,1,1,0,1,1,1,0,1,1,1,1,1,1,0,0,0,0,0,,1 - 2j,1 - 2j,0 + 1j,2 - 3j
1,0,1,1,0,1,0,0,1,0,0,0,1,0,0,1,0,1,1,1,,1 - 2j,1 - 2j,0 - 2j,2 - 6j
1,0,1,1,0,1,1,0,1,1,0,0,1,0,0,1,0,1,1,1,,1 - 2j,1 - 2j,1 - 2j,3 - 6j
1,0,1,1,0,1,0,1,1,0,1,0,1,0,0,1,0,1,1,1,,1 - 2j,1 - 2j,-1 - 1j,1 - 5j
1,0,1,1,0,1,1,1,1,1,1,0,1,0,0,1,0,1,1,1,,1 - 2j,1 - 2j,0 - 1j,2 - 5j
1,0,1,0,1,1,0,0,0,1,1,0,0,1,1,0,0,0,0,0,,1 - 2j,-1 - 1j,0 + 0j,0 - 3j
1,0,1,0,1,1,1,0,0,0,1,1,1,1,1,0,0,0,0,0,,1 - 2j,-1 - 1j,1 + 0j,1 - 3j
1,0,1,0,1,1,0,1,0,1,0,0,1,0,1,1,1,0,0,0,,1 - 2j,-1 - 1j,-1 + 1j,-1 - 2j
1,0,1,0,1,1,1,1,0,0,0,1,0,0,0,0,0,0,0,0,,1 - 2j,-1 - 1j,0 + 1j,0 - 2j
1,0,1,0,1,1,0,0,1,1,1,1,0,1,1,0,0,0,0,0,,1 - 2j,-1 - 1j,0 - 2j,0 - 5j
1,0,1,0,1,1,1,0,1,0,1,0,1,0,0,1,0,1,1,1,,1 - 2j,-1 - 1j,1 - 2j,1 - 5j
1,0,1,0,1,1,0,1,1,1,0,1,1,0,1,1,1,0,0,0,,1 - 2j,-1 - 1j,-1 - 1j,-1 - 4j
1,0,1,0,1,1,1,1,1,0,0,0,0,1,1,0,0,0,0,0,,1 - 2j,-1 - 1j,0 - 1j,0 - 4j
1,0,1,1,1,1,0,0,0,0,1,1,1,1,1,0,0,0,0,0,,1 - 2j,0 - 1j,0 + 0j,1 - 3j
1,0,1,1,1,1,1,0,0,1,1,1,1,1,1,0,0,0,0,0,,1 - 2j,0 - 1j,1 + 0j,2 - 3j
1,0,1,1,1,1,0,1,0,0,0,1,0,0,0,0,0,0,0,0,,1 - 2j,0 - 1j,-1 + 1j,0 - 2j
1,0,1,1,1,1,1,1,0,1,0,1,0,0,0,0,0,0,0,0,,1 - 2j,0 - 1j,0 + 1j,1 - 2j
1,0,1,1,1,1,0,0,1,0,1,0,1,0,0,1,0,1,1,1,,1 - 2j,0 - 1j,0 - 2j,1 - 5j
1,0,1,1,1,1,1,0,1,1,1,0,1,0,0,1,0,1,1,1,,1 - 2j,0 - 1j,1 - 2j,2 - 5j
1,0,1,1,1,1,0,1,1,0,0,0,0,1,1,0,0,0,0,0,,1 - 2j,0 - 1j,-1 - 1j,0 - 4j
1,0,1,1,1,1,1,1,1,1,0,0,0,1,1,0,0,0,0,0,,1 - 2j,0 - 1j,0 - 1j,1 - 4j
0,1,1,0,0,0,0,0,0,0,1,1,0,0,0,0,0,0,0,0,,-1 - 1j,0 + 0j,0 + 0j,-1 - 1j
0,1,1,0,0,0,1,0,0,1,1,1,0,0,0,0,0,0,0,0,,-1 - 1j,0 + 0j,1 + 0j,0 - 1j
0,1,1,0,0,0,0,1,0,0,0,1,1,1,0,0,0,0,0,0,,-1 - 1j,0 + 0j,-1 + 1j,-2 + 0j
0,1,1,0,0,0,1,1,0,1,0,1,1,1,0,0,0,0,0,0,,-1 - 1j,0 + 0j,0 + 1j,-1 + 0j
0,1,1,0,0,0,0,0,1,0,1,0,0,1,1,0,0,0,0,0,,-1 - 1j,0 + 0j,0 - 2j,-1 - 3j
0,1,1,0,0,0,1,0,1,1,1,0,0,1,1,0,0,0,0,0,,-1 - 1j,0 + 0j,1 - 2j,0 - 3j
0,1,1,0,0,0,0,1,1,0,0,0,1,0,1,1,1,0,0,0,,-1 - 1j,0 + 0j,-1 - 1j,-2 - 2j
0,1,1,0,0,0,1,1,1,1,0,0,1,0,1,1,1,0,0,0,,-1 - 1j,0 + 0j,0 - 1j,-1 - 2j
0,1,1,1,0,0,0,0,0,1,1,1,0,0,0,0,0,0,0,0,,-1 - 1j,1 + 0j,0 + 0j,0 - 1j
0,1,1,1,0,0,1,0,0,0,1,0,1,1,1,0,0,0,0,0,,-1 - 1j,1 + 0j,1 + 0j,1 - 1j
0,1,1,1,0,0,0,1,0,1,0,1,1,1,0,0,0,0,0,0,,-1 - 1j,1 + 0j,-1 + 1j,-1 + 0j
0,1,1,1,0,0,1,1,0,0,0,0,0,0,0,0,0,0,0,0,,-1 - 1j,1 + 0j,0 + 1j,0 + 0j
0,1,1,1,0,0,0,0,1,1,1,0,0,1,1,0,0,0,0,0,,-1 - 1j,1 + 0j,0 - 2j,0 - 3j
0,1,1,1,0,0,1,0,1,0,1,1,1,1,1,0,0,0,0,0,,-1 - 1j,1 + 0j,1 - 2j,1 - 3j
0,1,1,1,0,0,0,1,1,1,0,0,1,0,1,1,1,0,0,0,,-1 - 1j,1 + 0j,-1 - 1j,-1 - 2j
0,1,1,1,0,0,1,1,1,0,0,1,0,0,0,0,0,0,0,0,,-1 - 1j,1 + 0j,0 - 1j,0 - 2j
0,1,1,0,1,0,0,0,0,0,0,1,1,1,0,0,0,0,0,0,,-1 - 1j,-1 + 1j,0 + 0j,-2 + 0j
0,1,1,0,1,0,1,0,0,1,0,1,1,1,0,0,0,0,0,0,,-1 - 1j,-1 + 1j,1 + 0j,-1 + 0j
0,1,1,0,1,0,0,1,0,0,1,1,1,1,0,0,0,0,0,0,,-1 - 1j,-1 + 1j,-1 + 1j,-3 + 1j
0,1,1,0,1,0,1,1,0,1,1,1,1,1,0,0,0,0,0,0,,-1 - 1j,-1 + 1j,0 + 1j,-2 + 1j
0,1,1,0,1,0,0,0,1,0,0,0,1,0,1,1,1,0,0,0,,-1 - 1j,-1 + 1j,0 - 2j,-2 - 2j
0,1,1,0,1,0,1,0,1,1,0,0,1,0,1,1,1,0,0,0,,-1 - 1j,-1 + 1j,1 - 2j,-1 - 2j
0,1,1,0,1,0,0,1,1,0,1,0,1,0,1,1,1,0,0,0,,-1 - 1j,-1 + 1j,-1 - 1j,-3 - 1j
0,1,1,0,1,0,1,1,1,1,1,0,1,0,1,1,1,0,0,0,,-1 - 1j,-1 + 1j,0 - 1j,-2 - 1j
0,1,1,1,1,0,0,0,0,1,0,1,1,1,0,0,0,0,0,0,,-1 - 1j,0 + 1j,0 + 0j,-1 + 0j
0,1,1,1,1,0,1,0,0,0,0,0,0,0,0,0,0,0,0,0,,-1 - 1j,0 + 1j,1 + 0j,0 + 0j
0,1,1,1,1,0,0,1,0,1,1,1,1,1,0,0,0,0,0,0,,-1 - 1j,0 + 1j,-1 + 1j,-2 + 1j
0,1,1,1,1,0,1,1,0,0,1,0,0,0,0,0,0,0,0,0,,-1 - 1j,0 + 1j,0 + 1j,-1 + 1j
0,1,1,1,1,0,0,0,1,1,0,0,1,0,1,1,1,0,0,0,,-1 - 1j,0 + 1j,0 - 2j,-1 - 2j
0,1,1,1,1,0,1,0,1,0,0,1,0,0,0,0,0,0,0,0,,-1 - 1j,0 + 1j,1 - 2j,0 - 2j
0,1,1,1,1,0,0,1,1,1,1,0,1,0,1,1,1,0,0,0,,-1 - 1j,0 + 1j,-1 - 1j,-2 - 1j
0,1,1,1,1,0,1,1,1,0,1,1,0,0,0,0,0,0,0,0,,-1 - 1j,0 + 1j,0 - 1j,-1 - 1j
0,1,1,0,0,1,0,0,0,0,1,0,0,1,1,0,0,0,0,0,,-1 - 1j,0 - 2j,0 + 0j,-1 - 3j
0,1,1,0,0,1,1,0,0,1,1,0,0,1,1,0,0,0,0,0,,-1 - 1j,0 - 2j,1 + 0j,0 - 3j
0,1,1,0,0,1,0,1,0,0,0,0,1,0,1,1,1,0,0,0,,-1 - 1j,0 - 2j,-1 + 1j,-2 - 2j
0,1,1,0,0,1,1,1,0,1,0,0,1,0,1,1,1,0,0,0,,-1 - 1j,0 - 2j,0 + 1j,-1 - 2j
0,1,1,0,0,1,0,0,1,0,1,1,0,1,1,0,0,0,0,0,,-1 - 1j,0 - 2j,0 - 2j,-1 - 5j
0,1,1,0,0,1,1,0,1,1,1,1,0,1,1,0,0,0,0,0,,-1 - 1j,0 - 2j,1 - 2j,0 - 5j
0,1,1,0,0,1,0,1,1,0,0,1,1,0,1,1,1,0,0,0,,-1 - 1j,0 - 2j,-1 - 1j,-2 - 4j
0,1,1,0,0,1,1,1,1,1,0,1,1,0,1,1,1,0,0,0,,-1 - 1j,0 - 2j,0 - 1j,-1 - 4j
0,1,1,1,0,1,0,0,0,1,1,0,0,1,1,0,0,0,0,0,,-1 - 1j,1 - 2j,0 + 0j,0 - 3j
0,1,1,1,0,1,1,0,0,0,1,1,1,1,1,0,0,0,0,0,,-1 - 1j,1 - 2j,1 + 0j,1 - 3j
0,1,1,1,0,1,0,1,0,1,0,0,1,0,1,1,1,0,0,0,,-1 - 1j,1 - 2j,-1 + 1j,-1 - 2j
0,1,1,1,0,1,1,1,0,0,0,1,0,0,0,0,0,0,0,0,,-1 - 1j,1 - 2j,0 + 1j,0 - 2j
0,1,1,1,0,1,0,0,1,1,1,1,0,1,1,0,0,0,0,0,,-1 - 1j,1 - 2j,0 - 2j,0 - 5j
0,1,1,1,0,1,1,0,1,0,1,0,1,0,0,1,0,1,1,1,,-1 - 1j,1 - 2j,1 - 2j,1 - 5j
0,1,1,1,0,1,0,1,1,1,0,1,1,0,1,1,1,0,0,0,,-1 - 1j,1 - 2j,-1 - 1j,-1 - 4j
0,1,1,1,0,1,1,1,1,0,0,0,0,1,1,0,0,0,0,0,,-1 - 1j,1 - 2j,0 - 1j,0 - 4j
0,1,1,0,1,1,0,0,0,0,0,0,1,0,1,1,1,0,0,0,,-1 - 1j,-1 - 1j,0 + 0j,-2 - 2j
0,1,1,0,1,1,1,0,0,1,0,0,1,0,1,1,1,0,0,0,,-1 - 1j,-1 - 1j,1 + 0j,-1 - 2j
0,1,1,0,1,1,0,1,0,0,1,0,1,0,1,1,1,0,0,0,,-1 - 1j,-1 - 1j,-1 + 1j,-3 - 1j
0,1,1,0,1,1,1,1,0,1,1,0,1,0,1,1,1,0,0,0,,-1 - 1j,-1 - 1j,0 + 1j,-2 - 1j
0,1,1,0,1,1,0,0,1,0,0,1,1,0,1,1,1,0,0,0,,-1 - 1j,-1 - 1j,0 - 2j,-2 - 4j
0,1,1,0,1,1,1,0,1,1,0,1,1,0,1,1,1,0,0,0,,-1 - 1j,-1 - 1j,1 - 2j,-1 - 4j
0,1,1,0,1,1,0,1,1,0,1,1,1,0,1,1,1,0,0,0,,-1 - 1j,-1 - 1j,-1 - 1j,-3 - 3j
0,1,1,0,1,1,1,1,1,1,1,1,1,0,1,1,1,0,0,0,,-1 - 1j,-1 - 1j,0 - 1j,-2 - 3j
0,1,1,1,1,1,0,0,0,1,0,0,1,0,1,1,1,0,0,0,,-1 - 1j,0 - 1j,0 + 0j,-1 - 2j
0,1,1,1,1,1,1,0,0,0,0,1,0,0,0,0,0,0,0,0,,-1 - 1j,0 - 1j,1 + 0j,0 - 2j
0,1,1,1,1,1,0,1,0,1,1,0,1,0,1,1,1,0,0,0,,-1 - 1j,0 - 1j,-1 + 1j,-2 - 1j
0,1,1,1,1,1,1,1,0,0,1,1,0,0,0,0,0,0,0,0,,-1 - 1j,0 - 1j,0 + 1j,-1 - 1j
0,1,1,1,1,1,0,0,1,1,0,1,1,0,1,1,1,0,0,0,,-1 - 1j,0 - 1j,0 - 2j,-1 - 4j
0,1,1,1,1,1,1,0,1,0,0,0,0,1,1,0,0,0,0,0,,-1 - 1j,0 - 1j,1 - 2j,0 - 4j
0,1,1,1,1,1,0,1,1,1,1,1,1,0,1,1,1,0,0,0,,-1 - 1j,0 - 1j,-1 - 1j,-2 - 3j
0,1,1,1,1,1,1,1,1,0,1,0,0,1,1,0,0,0,0,0,,-1 - 1j,0 - 1j,0 - 1j,-1 - 3j
1,1,1,0,0,0,0,0,0,1,1,1,0,0,0,0,0,0,0,0,,0 - 1j,0 + 0j,0 + 0j,0 - 1j
1,1,1,0,0,0,1,0,0,0,1,0,1,1,1,0,0,0,0,0,,0 - 1j,0 + 0j,1 + 0j,1 - 1j
1,1,1,0,0,0,0,1,0,1,0,1,1,1,0,0,0,0,0,0,,0 - 1j,0 + 0j,-1 + 1j,-1 + 0j
1,1,1,0,0,0,1,1,0,0,0,0,0,0,0,0,0,0,0,0,,0 - 1j,0 + 0j,0 + 1j,0 + 0j
1,1,1,0,0,0,0,0,1,1,1,0,0,1,1,0,0,0,0,0,,0 - 1j,0 + 0j,0 - 2j,0 - 3j
1,1,1,0,0,0,1,0,1,0,1,1,1,1,1,0,0,0,0,0,,0 - 1j,0 + 0j,1 - 2j,1 - 3j
1,1,1,0,0,0,0,1,1,1,0,0,1,0,1,1,1,0,0,0,,0 - 1j,0 + 0j,-1 - 1j,-1 - 2j
1,1,1,0,0,0,1,1,1,0,0,1,0,0,0,0,0,0,0,0,,0 - 1j,0 + 0j,0 - 1j,0 - 2j
1,1,1,1,0,0,0,0,0,0,1,0,1,1,1,0,0,0,0,0,,0 - 1j,1 + 0j,0 + 0j,1 - 1j
1,1,1,1,0,0,1,0,0,1,1,0,1,1,1,0,0,0,0,0,,0 - 1j,1 + 0j,1 + 0j,2 - 1j
1,1,1,1,0,0,0,1,0,0,0,0,0,0,0,0,0,0,0,0,,0 - 1j,1 + 0j,-1 + 1j,0 + 0j
1,1,1,1,0,0,1,1,0,1,0,0,0,0,0,0,0,0,0,0,,0 - 1j,1 + 0j,0 + 1j,1 + 0j
1,1,1,1,0,0,0,0,1,0,1,1,1,1,1,0,0,0,0,0,,0 - 1j,1 + 0j,0 - 2j,1 - 3j
1,1,1,1,0,0,1,0,1,1,1,1,1,1,1,0,0,0,0,0,,0 - 1j,1 + 0j,1 - 2j,2 - 3j
1,1,1,1,0,0,0,1,1,0,0,1,0,0,0,0,0,0,0,0,,0 - 1j,1 + 0j,-1 - 1j,0 - 2j
1,1,1,1,0,0,1,1,1,1,0,1,0,0,0,0,0,0,0,0,,0 - 1j,1 + 0j,0 - 1j,1 - 2j
1,1,1,0,1,0,0,0,0,1,0,1,1,1,0,0,0,0,0,0,,0 - 1j,-1 + 1j,0 + 0j,-1 + 0j
1,1,1,0,1,0,1,0,0,0,0,0,0,0,0,0,0,0,0,0,,0 - 1j,-1 + 1j,1 + 0j,0 + 0j
1,1,1,0,1,0,0,1,0,1,1,1,1,1,0,0,0,0,0,0,,0 - 1j,-1 + 1j,-1 + 1j,-2 + 1j
1,1,1,0,1,0,1,1,0,0,1,0,0,0,0,0,0,0,0,0,,0 - 1j,-1 + 1j,0 + 1j,-1 + 1j
1,1,1,0,1,0,0,0,1,1,0,0,1,0,1,1,1,0,0,0,,0 - 1j,-1 + 1j,0 - 2j,-1 - 2j
1,1,1,0,1,0,1,0,1,0,0,1,0,0,0,0,0,0,0,0,,0 - 1j,-1 + 1j,1 - 2j,0 - 2j
1,1,1,0,1,0,0,1,1,1,1,0,1,0,1,1,1,0,0,0,,0 - 1j,-1 + 1j,-1 - 1j,-2 - 1j
1,1,1,0,1,0,1,1,1,0,1,1,0,0,0,0,0,0,0,0,,0 - 1j,-1 + 1j,0 - 1j,-1 - 1j
1,1,1,1,1,0,0,0,0,0,0,0,0,0,0,0,0,0,0,0,,0 - 1j,0 + 1j,0 + 0j,0 + 0j
1,1,1,1,1,0,1,0,0,1,0,0,0,0,0,0,0,0,0,0,,0 - 1j,0 + 1j,1 + 0j,1 + 0j
1,1,1,1,1,0,0,1,0,0,1,0,0,0,0,0,0,0,0,0,,0 - 1j,0 + 1j,-1 + 1j,-1 + 1j
1,1,1,1,1,0,1,1,0,1,1,0,0,0,0,0,0,0,0,0,,0 - 1j,0 + 1j,0 + 1j,0 + 1j
1,1,1,1,1,0,0,0,1,0,0,1,0,0,0,0,0,0,0,0,,0 - 1j,0 + 1j,0 - 2j,0 - 2j
1,1,1,1,1,0,1,0,1,1,0,1,0,0,0,0,0,0,0,0,,0 - 1j,0 + 1j,1 - 2j,1 - 2j
1,1,1,1,1,0,0,1,1,0,1,1,0,0,0,0,0,0,0,0,,0 - 1j,0 + 1j,-1 - 1j,-1 - 1j
1,1,1,1,1,0,1,1,1,1,1,1,0,0,0,0,0,0,0,0,,0 - 1j,0 + 1j,0 - 1j,0 - 1j
1,1,1,0,0,1,0,0,0,1,1,0,0,1,1,0,0,0,0,0,,0 - 1j,0 - 2j,0 + 0j,0 - 3j
1,1,1,0,0,1,1,0,0,0,1,1,1,1,1,0,0,0,0,0,,0 - 1j,0 - 2j,1 + 0j,1 - 3j
1,1,1,0,0,1,0,1,0,1,0,0,1,0,1,1,1,0,0,0,,0 - 1j,0 - 2j,-1 + 1j,-1 - 2j
1,1,1,0,0,1,1,1,0,0,0,1,0,0,0,0,0,0,0,0,,0 - 1j,0 - 2j,0 + 1j,0 - 2j
1,1,1,0,0,1,0,0,1,1,1,1,0,1,1,0,0,0,0,0,,0 - 1j,0 - 2j,0 - 2j,0 - 5j
1,1,1,0,0,1,1,0,1,0,1,0,1,0,0,1,0,1,1,1,,0 - 1j,0 - 2j,1 - 2j,1 - 5j
1,1,1,0,0,1,0,1,1,1,0,1,1,0,1,1,1,0,0,0,,0 - 1j,0 - 2j,-1 - 1j,-1 - 4j
1,1,1,0,0,1,1,1,1,0,0,0,0,1,1,0,0,0,0,0,,0 - 1j,0 - 2j,0 - 1j,0 - 4j
1,1,1,1,0,1,0,0,0,0,1,1,1,1,1,0,0,0,0,0,,0 - 1j,1 - 2j,0 + 0j,1 - 3j
1,1,1,1,0,1,1,0,0,1,1,1,1,1,1,0,0,0,0,0,,0 - 1j,1 - 2j,1 + 0j,2 - 3j
1,1,1,1,0,1,0,1,0,0,0,1,0,0,0,0,0,0,0,0,,0 - 1j,1 - 2j,-1 + 1j,0 - 2j
1,1,1,1,0,1,1,1,0,1,0,1,0,0,0,0,0,0,0,0,,0 - 1j,1 - 2j,0 + 1j,1 - 2j
1,1,1,1,0,1,0,0,1,0,1,0,1,0,0,1,0,1,1,1,,0 - 1j,1 - 2j,0 - 2j,1 - 5j
1,1,1,1,0,1,1,0,1,1,1,0,1,0,0,1,0,1,1,1,,0 - 1j,1 - 2j,1 - 2j,2 - 5j
1,1,1,1,0,1,0,1,1,0,0,0,0,1,1,0,0,0,0,0,,0 - 1j,1 - 2j,-1 - 1j,0 - 4j
1,1,1,1,0,1,1,1,1,1,0,0,0,1,1,0,0,0,0,0,,0 - 1j,1 - 2j,0 - 1j,1 - 4j
1,1,1,0,1,1,0,0,0,1,0,0,1,0,1,1,1,0,0,0,,0 - 1j,-1 - 1j,0 + 0j,-1 - 2j
1,1,1,0,1,1,1,0,0,0,0,1,0,0,0,0,0,0,0,0,,0 - 1j,-1 - 1j,1 + 0j,0 - 2j
1,1,1,0,1,1,0,1,0,1,1,0,1,0,1,1,1,0,0,0,,0 - 1j,-1 - 1j,-1 + 1j,-2 - 1j
1,1,1,0,1,1,1,1,0,0,1,1,0,0,0,0,0,0,0,0,,0 - 1j,-1 - 1j,0 + 1j,-1 - 1j
1,1,1,0,1,1,0,0,1,1,0,1,1,0,1,1,1,0,0,0,,0 - 1j,-1 - 1j,0 - 2j,-1 - 4j
1,1,1,0,1,1,1,0,1,0,0,0,0,1,1,0,0,0,0,0,,0 - 1j,-1 - 1j,1 - 2j,0 - 4j
1,1,1,0,1,1,0,1,1,1,1,1,1,0,1,1,1,0,0,0,,0 - 1j,-1 - 1j,-1 - 1j,-2 - 3j
1,1,1,0,1,1,1,1,1,0,1,0,0,1,1,0,0,0,0,0,,0 - 1j,-1 - 1j,0 - 1j,-1 - 3j
1,1,1,1,1,1,0,0,0,0,0,1,0,0,0,0,0,0,0,0,,0 - 1j,0 - 1j,0 + 0j,0 - 2j
1,1,1,1,1,1,1,0,0,1,0,1,0,0,0,0,0,0,0,0,,0 - 1j,0 - 1j,1 + 0j,1 - 2j
1,1,1,1,1,1,0,1,0,0,1,1,0,0,0,0,0,0,0,0,,0 - 1j,0 - 1j,-1 + 1j,-1 - 1j
1,1,1,1,1,1,1,1,0,1,1,1,0,0,0,0,0,0,0,0,,0 - 1j,0 - 1j,0 + 1j,0 - 1j
1,1,1,1,1,1,0,0,1,0,0,0,0,1,1,0,0,0,0,0,,0 - 1j,0 - 1j,0 - 2j,0 - 4j
1,1,1,1,1,1,1,0,1,1,0,0,0,1,1,0,0,0,0,0,,0 - 1j,0 - 1j,1 - 2j,1 - 4j
1,1,1,1,1,1,0,1,1,0,1,0,0,1,1,0,0,0,0,0,,0 - 1j,0 - 1j,-1 - 1j,-1 - 3j
1,1,1,1,1,1,1,1,1,1,1,0,0,1,1,0,0,0,0,0,,0 - 1j,0 - 1j,0 - 1j,0 - 3j
